lema,nilai,kelas,type
-an,bt 1 hasil tindakan; 2 yang biasa dikenai tindakan; yang di-; 3 tempat; lokasi; 4 alat untuk mengukur atau menghitung; 5 hal atau cara; 6 kumpulan; gugusan; 7 yang mempunyai atau mengandung; 8 (cak) yang menyerupai; 9 sesuatu yang mempunyai sifat; 10 (cak) intensitas; 11 (cak) melakukan sesuatu yang pelaku atau tindakannya banyak (saling); 12 kegiatan yang berkenaan dengan pelaku atau tindakan yang banyak; ,bt,Bentuk terikat
-anda,bt menyatakan hormat atau kekeluargaan; ,bt,Bentuk terikat
-asi,bt → -isasi; ,bt,Bentuk terikat
-da,bt → -anda; ,bt,Bentuk terikat
-el-,"bt 1 yang melakukan; 2 alat; 3 benda yang kelopak; 4 kumpulan; 5 terjadi, berlaku, atau melakukan; ",bt,Bentuk terikat
-em-,"bt 1 kumpulan (banyak, aneka); 2 berulang-ulang atau terus-menerus; ",bt,Bentuk terikat
-er-,"bt 1 alat; 2 yang memiliki, mengandung, atau bersifat; 3 berulang (terus-menerus); 4 mengandung (bersifat); ",bt,Bentuk terikat
-i,bt 1 berkenaan dengan; berdasar pada; 2 memberikan; 3 berulang-ulang; 4 di; pada; ,bt,Bentuk terikat
-iah,bt → -i; ,bt,Bentuk terikat
-if,bt bersifat melakukan atau menunjukkan mutu kegiatan; ,bt,Bentuk terikat
-is,bt 1 berkaitan dengan; 2 orang yang bergerak atau ahli dalam (insani); ,bt,Bentuk terikat
-isasi,"bt proses, cara, perbuatan; ",bt,Bentuk terikat
-isme,"bt sistem kepercayaan berdasarkan politik, sosial, atau ekonomi; ",bt,Bentuk terikat
-itas,bt kualitas; keadaan; tingkat; ,bt,Bentuk terikat
-kah,"bt 1 yang digunakan untuk mengukuhkan pertanyaan; 2 (dalam ragam standar) digunakan untuk memperhalus pertanyaan dan ditambahkan pada kata tanya apa, mana, bagaimana, berapa, di mana, mengapa, siapa; ",bt,Bentuk terikat
-kan,bt 1 menjadikan; 2 sungguh-sungguh; 3 untuk; kepada orang lain; ,bt,Bentuk terikat
-lah,bt yang digunakan untuk menekankan makna kata yang di depannya; ,bt,Bentuk terikat
-man,bt → -wan; ,bt,Bentuk terikat
-mu,bt (klitik) → kamu; ,bt,Bentuk terikat
-nda,bt → -anda; ,bt,Bentuk terikat
-ni,bt → -i; ,bt,Bentuk terikat
-nya,"bt yang merupakan varian pronomina persona ia/dia dan pronomina benda yang menyatakan milik, pelaku, atau penerima; ",bt,Bentuk terikat
-wan,bt 1 orang yang ahli dalam bidang; 2 orang yang bergerak dalam; 3 orang yang memiliki barang atau sifat khusus; ,bt,Bentuk terikat
-wati,bt → -wan; ,bt,Bentuk terikat
-wi,bt → -i; ,bt,Bentuk terikat
-wiah,bt → -i; ,bt,Bentuk terikat
A,"n 1 huruf pertama abjad Indonesia; 2 nama huruf a; 3 penanda pertama dalam urutan (mutu, nilai, dsb); ",n,Nomina
a-,bt 1 kekurangan; 2 tidak atau bukan; 3 tanpa; ,bt,Bentuk terikat
ab,n 1 wadah kecil dari timah untuk candu; hap; 2 (ark) ayah; ,n,Nomina
ab-,bt dari; jauh dari; ,bt,Bentuk terikat
aba,n ayah; bapak; ,n,Nomina
aba-aba,"n kata perintah dalam baris-berbaris, gerak badan, dsb (seperti si...ap! maju ja...lan! berhen...ti!); ",n,Nomina
abad,"n 1 masa seratus tahun; 2 jangka waktu yang lamanya seratus tahun; 3 zaman (yang lamanya tidak tentu); 4 masa yang kekal, tidak berkesudahan; ",n,Nomina
abad keemasan,n masa kegemilangan dan kejayaan yang dialami suatu bangsa atau negara dalam sejarahnya; zaman keemasan; ,n,Nomina
abad komputer,n zaman modern yang orang-orangnya memanfaatkan komputer dalam menyimpan dan mengolah data; ,n,Nomina
abad modern,n masa atau zaman yang ditandai dengan kemajuan peradaban manusia (penemuan baru bidang teknologi dsb); ,n,Nomina
abad pertengahan,n kurun waktu sekitar tahun 5001500 dalam sejarah peradaban atau kebudayaan Eropa Barat; ,n,Nomina
abadi,adj kekal; tidak berkesudahan; ,adj,Adjektiva
abadiah,n (Ar) kekekalan; ,n,Nomina
abadiat,→ abadiah,→,NA
abah,n 1 arah; tuju; 2 → aba; ,n,Nomina
abah-abah,n 1 alat; perkakas; 2 tali-temali; ,n,Nomina
abah-abah kuda,"n pakaian kuda (tali kekang, pelana, dsb); ",n,Nomina
abah-abah perahu,n tali-temali perahu; ,n,Nomina
abah-abah tenun,n perkakas tenun; ,n,Nomina
abai,"adj 1 tidak dipedulikan (tidak dikerjakan baik-baik, tidak dipentingkan, dsb); 2 lalai; ",adj,Adjektiva
abaian,n (Sas) penghilangan atau pengubahan bagian naskah yang tidak dipahami lagi oleh penyalin; ,n,Nomina
abaimana,n (ark) 1 lubang pelepasan; dubur; 2 kemaluan; ,n,Nomina
abaka,n tumbuhan yang seratnya dibuat tali belati; Musa textilis; ,n,Nomina
abaktinal,"adj (Bio) berkenaan dengan sisi tubuh yang tidak mengandung mulut, seperti pada binatang laut; ",adj,Adjektiva
abakus,n 1 dekak-dekak; swipoa; 2 (Ars) lempeng datar di atas kepala tiang dengan pinggiran cekung atau beralur; ,n,Nomina
abal-abal,n 1 penjahat kelas kakap; 2 adj palsu; imitasi; 3 peti mati suku Batak; ,n,Nomina
aban,n (Antr) sebutan bagi duda dalam masyarakat Dayak Kayan; ,n,Nomina
abang,"n 1 kakak laki-laki; saudara laki-laki yang lebih tua; 2 panggilan kepada orang laki-laki yang lebih tua atau tidak dikenal; 3 panggilan istri kepada suami; 4 sebutan untuk penjual sayur, penjual ikan, pengemudi becak, dsb; 5 adj (Jw) merah; ",n,Nomina
abangan,"n (Jw) 1 golongan masyarakat yang menganut agama Islam, tetapi tidak melaksanakan ajaran secara keseluruhan; 2 talang air pada atap rumah dsb; ",n,Nomina
abangga,n (Ark) sikap berdiri sebuah arca; ,n,Nomina
abar,n abar-abar; ,n,Nomina
abar-abar,n 1 dinding penghalang; penyekat; 2 rem; ,n,Nomina
abar-abar pintu,n alat untuk menutup pintu secara perlahan untuk mengurangi (menghilangkan) bunyi (benturan); ,n,Nomina
abaran,n (Psi) hambatan kejiwaan; ,n,Nomina
abatoar,n tempat pemotongan hewan untuk umum; pejagalan; ,n,Nomina
abau,n kura-kura rawa; ,n,Nomina
abdas,v → berabdas; ,v,Verba
abdi,n 1 orang bawahan; pelayan; hamba; 2 budak tebusan; ,n,Nomina
abdi dalem,n (Jw) pegawai keraton; ,n,Nomina
abdi masyarakat,n pegawai pemerintah yang pada dasarnya mempunyai kewajiban melayani masyarakat; ,n,Nomina
abdi negara,n pegawai yang bekerja pada pemerintah; pegawai negeri; ,n,Nomina
abdikasi,"n 1 pelepasan hak, wewenang, atau kekuasaan (tentang pembesar atau penguasa); 2 turun takhta dengan sukarela (tentang seorang raja); ",n,Nomina
abdomen,n (Bio) 1 bagian tubuh berupa rongga perut yang berisi alat pencernaan; 2 bagian di antara sekat rongga badan dan pinggul (perut bagian bawah); 3 bagian tubuh di belakang dada (toraks) pada antropoda; ,n,Nomina
abdominal,adj berhubungan dengan abdomen; ,adj,Adjektiva
abdu,"n (kl) hamba (Allah), yaitu manusia (terutama dipakai untuk nama orang); ",n,Nomina
abduksi,n 1 pengambilan secara paksa (terutama perempuan) untuk dikawini atau digauli; 2 (Dok) gerakan ke arah luar sumbu badan (tentang tangan dan kaki) atau ke arah luar sumbu kaki (tentang ibu jari kaki); ,n,Nomina
abduktor,"n (Dok) otot yang menggerakkan anggota badan, seperti tangan dan kaki ke samping; ",n,Nomina
abdul,→ abdu,→,NA
abece,n 1 a-b-c (abjad Latin); 2 (ki) hal-hal pokok yang pertama-tama harus diketahui dari suatu keadaan atau perkara; ,n,Nomina
aben,v → mengaben; ,v,Verba
aberasi,n penyimpangan dari yang normal; ,n,Nomina
aberasi cahaya,n (Kim) pembiasan tidak seragam dari cahaya sehingga bayangan tampak berubah bentuk; ,n,Nomina
aberasi kromosom,"n (Dok) kelainan atau perubahan kromosom, baik dalam jumlah maupun bentuknya; ",n,Nomina
abet,n (Jk) tingkah laku; ,n,Nomina
abian,"n pembagian hasil ladang atau tegalan, pemilik dan penggarap masing-masing mendapat setengah dari hasil keseluruhan; ",n,Nomina
abid,adj (ark) 1 tidak berkesudahan; kekal; abadi; 2 v beribadah; 3 n orang yang taat kepada Tuhan; orang yang saleh; ,adj,Adjektiva
abidin,n (Ar) (bentuk jamak dari abid) orang-orang yang taat (beribadah atau mengabdi) kepada Tuhan; ,n,Nomina
abiogenesis,n (Bio) kehidupan yang dapat muncul dari benda yang tidak hidup; ,n,Nomina
abiosfer,n lingkungan berupa barang atau benda yang tidak hidup; ,n,Nomina
abiotik,"adj 1 tidak memiliki ciri hidup; tidak hidup; 2 berhubungan dengan atau dicirikan oleh tidak adanya organisme hidup; 3 n benda tidak hidup, misal batu-batuan dan bangunan rumah; ",adj,Adjektiva
abis,n (Geo) bagian yang paling dalam dari lautan yang mempunyai kedalaman lebih dari 400 m; ,n,Nomina
abisal,n 1 endapan lumpur atau tanah dari dasar laut pada kedalaman 2.2005.500 m; 2 teluk atau palung (lembah) yang sangat dalam; ,n,Nomina
abiseka,n (Hin) upacara yang dilakukan dengan cara mandi dengan air suci (tentang penobatan raja atau pejabat tinggi); ,n,Nomina
abiturien,n lulusan sekolah (terutama sekolah menengah tingkat atas); ,n,Nomina
abjad,n 1 kumpulan huruf (aksara) berdasarkan urutan yang lazim dalam bahasa tertentu; 2 sistem aksara yang melambangkan bunyi bahasa yang dipakai untuk menuliskan bahasa; ,n,Nomina
abjad fonemis,n sistem lambang yang mempertalikan satu lambang dengan sejumlah bunyi bahasa yang berperan sebagai satuan fungsional terkecil dalam struktur bahasa; ,n,Nomina
abjad fonetis,n sistem lambang yang mempertalikan satu lambang dengan satu bunyi bahasa yang dihasilkan alat ucap manusia; ,n,Nomina
abjadiah,adj berdasarkan abjad; ,adj,Adjektiva
ablasi,"n 1 hal terlepasnya sesuatu dari sesuatu; 2 (Bio) penghilangan dengan jalan pembedahan jaringan atau organ tubuh; 3 (Geo) pemindahan bahan yang telah lapuk dari batuan induknya oleh arus air; 4 (Geo) pengikisan oleh tiupan angin; 5 (Hid) penggabungan (sublimasi, peleburan, penguapan, dsb) yang memindahkan salju atau es dari permukaan gletser atau medan salju; kikisan; ",n,Nomina
ablaut,"n (Ling) perubahan vokal untuk menandai pelbagai fungsi gramatikal, misal untuk mengungkapkan perubahan kala, aspek, jumlah, dsb (seperti dalam bahasa Inggris drink, drank, drunk); ",n,Nomina
ablepsia,n (Dok) penglihatan yang berkurang atau hilang; buta; ,n,Nomina
abnormal,adj tidak sesuai dengan keadaan yang biasa; mempunyai kelainan; tidak normal; ,adj,Adjektiva
abnormalitas,n ketidaknormalan; ,n,Nomina
abnus,n (ark) kayu arang; ,n,Nomina
aboi,n 1 sebutan bagi pembesar orang Cina; 2 kepala kampung orang Cina pada sebuah luak (misal di Kalimantan Barat); ,n,Nomina
abolisi,n (Huk) 1 peniadaan peristiwa pidana; 2 penghapusan (perbudakan di Amerika); ,n,Nomina
abonemen,n (Bld) 1 hal berlangganan; 2 uang untuk berlangganan; ,n,Nomina
aborsi,n pengguguran kandungan; ,n,Nomina
aborsi kriminalis,n aborsi yang dilakukan dengan sengaja karena suatu alasan dan bertentangan dengan undang-undang yang berlaku; ,n,Nomina
aborsi legal,n aborsi yang dilaksanakan dengan sepengetahuan pihak yang berwenang; ,n,Nomina
abortif,adj (Dok) terhenti dalam perkembangan; ,adj,Adjektiva
abortus,"n (Dok) 1 fetus dengan berat kurang dari 500 g pada saat dikeluarkan dari uterus, yang tidak mempunyai kemungkinan hidup; 2 guguran (janin); 3 keadaan terhentinya pertumbuhan yang normal (tentang makhluk hidup); ",n,Nomina
abortus habitualis,n (Dok) abortus yang terjadi sebanyak tiga kali; ,n,Nomina
abortus inkomplet,"n (Dok) abortus dengan sebagian hasil pembuahan telah keluar, sedangkan sebagian lagi, biasanya plasenta, masih berada dalam rahim; ",n,Nomina
abortus komplet,n (Dok) abortus dengan seluruh isi uterus dan hasil pembuahan telah keluar; ,n,Nomina
abortus provokatus,n keguguran karena kesengajaan; ,n,Nomina
abrak,n (ark) bahan galian yang jernih seperti kaca; mika; ,n,Nomina
abrakadabra,n ucapan pemain sulap dalam pertunjukan sulap; ,n,Nomina
abrar,adj (Ar) saleh (banyak berbuat kebajikan); ,adj,Adjektiva
abras,adj 1 mengidap penyakit kusta; 2 n kusta; ,adj,Adjektiva
abrasi,"n (Geo) 1 pengikisan batuan oleh air, es, atau angin yang mengandung dan mengangkut hancuran bahan; 2 luka lecet atau jejas karena pengikisan kulit oleh benda kasar; 3 pengikisan selaput lendir (dalam membersihkan rahim dsb); ",n,Nomina
abreaksi,n (Dok) pencetusan emosi dengan mengingat kembali trauma psikis; ,n,Nomina
abrek,n → seabrek; ,n,Nomina
abreviasi,n (Ling) 1 pemendekan bentuk sebagai pengganti bentuk yang lengkap; 2 bentuk singkatan tertulis sebagai pengganti kata atau frasa; ,n,Nomina
abrit-abrit,adj → abrit-abritan; ,adj,Adjektiva
abrit-abritan,adj (Jk) dalam keadaan berlari tunggang-langgang (atau tergesa-gesa); ,adj,Adjektiva
absah,adj sah; ,adj,Adjektiva
absen,"v tidak masuk (sekolah, kerja, dsb); tidak hadir; ",v,Verba
absensi,n ketidakhadiran; ,n,Nomina
absente,"n 1 seseorang yang tidak hadir; 2 ketidakhadiran seseorang; 3 perkebunan, tanah, perusahaan, dsb yang jauh dari pemiliknya; ",n,Nomina
absenteisme,"n 1 ketidakhadiran yang terus-menerus (dalam perusahaan, sekolah, dsb); 2 (Huk) pemilikan atau perwalian tanah oleh orang-orang yang tidak hidup di tanah tersebut dan tidak mengolah tanah itu sendiri, tetapi mengambil hasilnya melalui penggarapnya; ",n,Nomina
abses,n (Dok) radang jaringan tubuh yang memungkinkan timbulnya rongga tempat nanah mengumpul; ,n,Nomina
absis,n (Mat) jarak titik terhadap sumbu tegak; ,n,Nomina
absolut,adj 1 tidak terbatas; mutlak; 2 sepenuhnya; 3 tanpa syarat; 4 tidak dapat diragukan lagi; nyata; ,adj,Adjektiva
absolutisme,"n bentuk pemerintahan tanpa undang-undang dasar; bentuk pemerintahan dengan semua kekuasaan terletak di tangan penguasa (raja, kaisar, diktator, dsb); ",n,Nomina
absorben,n (Fis) 1 zat yang menyerap materi atau tenaga; 2 (Kim) zat yang dapat menyerap atau menarik gas lembapan atau cairan ke dalam pori-porinya; ,n,Nomina
absorpsi,n 1 penyerapan; 2 (Dok) daya jaringan untuk menyerap benda-benda lain dari luar; 3 (Kim) hilangnya zat energi atau foton ke dalam suatu bahan; ,n,Nomina
absorpsi aktif,n (Bio) absorpsi air oleh tumbuhan dari dalam tanah dengan menggunakan energi metabolik; ,n,Nomina
absorpsi pasif,n (Bio) absorpsi air oleh tumbuhan dari dalam tanah tanpa memerlukan energi tumbuhan itu; ,n,Nomina
absorptif,adj bersifat menyerap; ,adj,Adjektiva
abstain,v 1 tidak memberikan suara (dalam pemungutan suara); tidak menentukan sikap; 2 adj (Olr) ragu-ragu; ,v,Verba
abstinensi,"n pemantangan terhadap makanan, minuman, atau perilaku seksual; ",n,Nomina
abstrak,"adj 1 tidak berwujud; tidak berbentuk; mujarad; niskala; 2 n ikhtisar (karangan, laporan, dsb); ringkasan; inti; ",adj,Adjektiva
abstraksi,n 1 proses atau perbuatan memisahkan; 2 penyusunan abstrak; 3 (Psi) keadaan linglung; 4 metode untuk mendapatkan kepastian hukum atau pengertian melalui penyaringan terhadap gejala atau peristiwa; ,n,Nomina
absurd,adj tidak masuk akal; mustahil; ,adj,Adjektiva
absurdisme,n paham (aliran) yang didasarkan pada kepercayaan bahwa manusia secara umum tidak berarti dan tidak masuk akal (kesadaran para pengikut aliran itu terhadap tata tertib sering berbenturan dengan kepentingan masyarakat umum); ,n,Nomina
abtar,adj kudung; kutung; putus; ,adj,Adjektiva
abu,"n 1 sisa yang tinggal setelah suatu barang mengalami pembakaran lengkap; 2 debu; 3 (Ar) bapak; ayah (pada nama orang, misal Abu Talib, Abu Bakar); 4 v kalah (dalam permainan congkak, gasing); ",n,Nomina
abu soda,"n (Kim) natrium karbonat komersial, berupa bubuk larut air, tetapi tidak larut dalam alkohol, digunakan dalam kaca dan pengilangan petroleum, sabun, dan detergen; ",n,Nomina
abu terbang,"n (Kim) buangan berbentuk partikel halus, tidak dapat terbakar, yang tersangkut dalam aliran gas yang keluar dari dalam tanur abu (buangan); ",n,Nomina
abu tulang,n serbuk putih yang tertinggal sesudah tulang dibakar di udara terbuka; ,n,Nomina
abu vulkanis,"n partikel lava yang halus yang terembus ketika gunung berapi meletus, kadang-kadang partikel ini berembus tinggi sekali sehingga jatuh di tempat yang sangat jauh; ",n,Nomina
abu-abu,"n 1 warna antara hitam dan putih (serupa dengan warna abu kayu bakar); kelabu; 2 adj mengandung atau memperlihatkan warna yang serupa warna abu; 3 ikan laut, Neothunnus rarua; ",n,Nomina
abuan,n 1 bagian hasil sawah yang disediakan untuk yang mengerjakan; 2 uang simpanan untuk cadangan; ,n,Nomina
abuh,adj (Jw) 1 bengkak; 2 riuh; sibuk; ,adj,Adjektiva
abuh-abuhan,"adj bengkak-bengkak pada kaki, tubuh, dsb; ",adj,Adjektiva
abuhan,adj sakit gembung perut; busung; ,adj,Adjektiva
abuk,n 1 serbuk (tentang barang yang lumat halus seperti tepung); 2 rambut; 3 v → mengabuk; ,n,Nomina
abuk gergaji,n serbuk gergaji; ,n,Nomina
abuk-abuk,n kue yang dibuat dari tepung aren; kue abuk; ,n,Nomina
abul,v membayar ganti rugi; membayar uang duka sebagai permintaan maaf; ,v,Verba
abulhayat,n 1 bapak kehidupan; 2 hujan; ,n,Nomina
abulia,"n (Dok) keadaan kehilangan atau berkurangnya daya kemauan, inisiatif, atau dorongan; ",n,Nomina
abur,adj boros; ,adj,Adjektiva
abus,"n 1 mata uang timah yang terkecil zaman dahulu, harganya sepersepuluh duit; 2 (ki) tidak berharga; sedikit sekali; 3 v (kas) mampus; ",n,Nomina
acah,"v 1 → beracah-acah; 2 → mengacah; 3 (Bl) gamelan jenis gender dengan bilah-bilah seperti pomade, tetapi hanya enam buah dan dimainkan dengan sebuah alat berbentuk palu; ",v,Verba
acak,adj 1 tanpa pola; sebarang; 2 n (Stat) penggambaran suatu pemilihan yang tidak dibatasi atau kalau dibatasi haruslah diwujudkan dengan menggunakan pemilihan peluang; 3 (cak) acap; ,adj,Adjektiva
acak-acak,adv 1 tergesa-gesa; terburu-buru; 2 kerap kali; sering kali; ,adv,Adverbia
acak-acakan,adj tidak teratur; tidak cermat; serampangan; kacau; ,adj,Adjektiva
acala,"n (Ark) arca yang tidak dapat dipindah-pindahkan, biasanya dibuat dari batu dan diletakkan di tempat yang paling suci dalam rumah perdewaan; ",n,Nomina
acan,v (kl) 1 → mengacan; 2 → acah; ,v,Verba
acang,n (Lay) perkakas kecil yang gunanya untuk menunjukkan keadaan air dalam ketel dsb; ,n,Nomina
acap,adj 1 kerap; sering; 2 segera; lekas; 3 masuk dalam-dalam; 4 tergenang (oleh air); terendam (dalam air); penuh berisi air; ,adj,Adjektiva
acap kali,adj berulang kali; sering; ,adj,Adjektiva
acap-acap,adv 1 kerap kali; sering kali; 2 lekas-lekas; cepat-cepat; ,adv,Adverbia
acar,"n makanan bercuka dari irisan buah mentimun, wortel, bawang, cabai, nanas, bengkuang, atau daun sawi, biasa dimakan bersama nasi; ",n,Nomina
acara,"n 1 hal atau pokok yang akan dibicarakan (dalam rapat, perundingan, dsb); agenda; 2 hal atau pokok isi karangan; 3 kegiatan yang dipertunjukkan, disiarkan, atau diperlombakan; programa (televisi, radio, dsb); 4 pemeriksaan dalam pengadilan; perkara; 5 (ark) cara; 6 v (Jw) → mengacarakan; ",n,Nomina
acara iklan,"n acara di televisi atau radio yang bersifat komersial, berupa penawaran barang atau jasa; ",n,Nomina
acara niaga,n acara iklan; ,n,Nomina
acara rapat,n hal yang akan dibicarakan dalam rapat; ,n,Nomina
acara surat,n pokok isi surat; ,n,Nomina
acara tugas,n daftar tugas yang disimpan oleh redaktur; ,n,Nomina
acaram,n (kl) 1 cincin; 2 tanda bahwa suatu perjanjian jual beli telah dibuat; tanda jadi; ,n,Nomina
acat,n (Jk) → acatan; ,n,Nomina
acatan,n bahan pakaian sisa penjualan yang panjangnya kurang dari satu meter yang dijual dengan harga lebih murah; ,n,Nomina
acau,v → mengacau; ,v,Verba
acawi,n (kl) tukang kayu; ,n,Nomina
aci,adj 1 sah; berlaku; jadi; benar; 2 n pati; tepung; 3 → mengaci; ,adj,Adjektiva
aci sagu,v pati sagu; ,v,Verba
aci-aci,n 1 umpama; andaikata; 2 (Lay) kayu panjang untuk menggulung layar; 3 → aci-aci kalimat; ,n,Nomina
aci-aci kalimat,adv pola kalimat; ,adv,Adverbia
aci-acian,n gambar angan-angan; ,n,Nomina
aci-acinya,adv seumpamanya; seandainya; kalau-kalau; ,adv,Adverbia
acik,"n (ark) panggilan untuk perempuan yang lebih tua, seperti kakak perempuan; bibi; ",n,Nomina
aco,v → mengaco; ,v,Verba
aco-acoan,adj → acoan; ,adj,Adjektiva
acoan,adj sembrono; ugal-ugalan; serampangan; ,adj,Adjektiva
acu,v → mengacu; ,v,Verba
acuan,"n 1 cetakan (kue, peluru, dsb); 2 rujukan; referensi; 3 pola dasar penafsiran yang ditetapkan terlebih dahulu; ",n,Nomina
acuan cetak,n (Graf) bingkai atau pelat berisi teks dan/atau gambar yang akan dicetakkan pada bahan cetak; ,n,Nomina
acuan sepatu,n alat untuk mengukur bentuk sepatu; ,n,Nomina
acuh,v peduli; mengindahkan; ,v,Verba
acuh tak acuh,v tidak menaruh perhatian; tidak mau tahu; ,v,Verba
acuhan,n hal yang diindahkan; hal yang menarik minat; ,n,Nomina
acum,v → mengacum; ,v,Verba
acuman,n 1 hasutan; 2 tantangan; ,n,Nomina
acung,v 1 → mengacung; 2 (Mk) → mengacung; ,v,Verba
ad libitum,"adj (Lt) seturut keinginan, sesuai dengan cita rasa (dalam bersantap, berbusana, menata dekorasi, menata perlengkapan rumah, dsb); ",adj,Adjektiva
ada,v 1 hadir; telah sedia; 2 mempunyai; 3 benar; sungguh (untuk menguatkan sebutan); ,v,Verba
ada-ada saja,v (cak) selalu mempunyai sesuatu untuk dikatakan (diminta dsb); ,v,Verba
ada-adanya,adv mana boleh; mungkinkah; ,adv,Adverbia
ada-adanyakah,adv ada-adanya; ,adv,Adverbia
adab,n kehalusan dan kebaikan budi pekerti; kesopanan; akhlak; ,n,Nomina
adad,n (Ar) bilangan; jumlah; ,n,Nomina
adagio,n (Mus) tempo yang lambat dan penuh ekspresi; ,n,Nomina
adagium,n pepatah; peribahasa; ,n,Nomina
adakala,adv kadang-kadang; sekali-sekali; sekali waktu; ,adv,Adverbia
adakalanya,adv adakala; ,adv,Adverbia
adakan,adv mana ada; masakan; ,adv,Adverbia
adaks,"n antelop berbulu warna terang, hidup di Afrika Utara, Arab, dan Siria; Addax nasomaculata; ",n,Nomina
adalah,v 1 identik dengan; 2 sama maknanya dengan; 3 termasuk dalam kelompok atau golongan; ,v,Verba
Adam,n 1 nama manusia laki-laki pertama yg dijadikan oleh Tuhan; 2 (ditulis dengan huruf kecil) laki-laki; 3 (kl) bumi; tanah; ,n,Nomina
adan,n 1 → azan; 2 → adnan; ,n,Nomina
adang,v 1 → mengadang; 2 (Jw) menanak nasi dengan menggunakan dandang; 3 saudara tua dari ibu (biasanya wanita); kakak ibu; 4 nama atau gelar kehormatan; dang; ,v,Verba
adang-adang,"n penyekat, kerai, dsb untuk penahan angin (hujan, panas matahari, dsb); ",n,Nomina
adanya,n 1 keadaan; hal ada; 2 demikianlah keadaannya; 3 (Jk) orangnya; ,n,Nomina
adap,n → adap-adapan; ,n,Nomina
adap-adapan,n nasi kuning dari beras pulut (dihidangkan dalam perayaan dsb); ,n,Nomina
adaptabilitas,n kemampuan beradaptasi; ,n,Nomina
adaptasi,"n penyesuaian terhadap lingkungan, pekerjaan, dan pelajaran; ",n,Nomina
adaptasi cahaya,"n (Dok) penyesuaian pupil mata terhadap cahaya yang meningkat, misal sehabis menonton film yang langsung mendapat cahaya terang; ",n,Nomina
adaptasi kebudayaan,n perubahan dalam unsur kebudayaan yang menyebabkan unsur itu dapat berfungsi lebih baik bagi manusia yang mendukungnya; ,n,Nomina
adaptasi sosial,n perubahan yang mengakibatkan seseorang dalam suatu kelompok sosial dapat hidup dan berfungsi lebih baik dalam lingkungannya; ,n,Nomina
adaptif,adj mudah menyesuaikan (diri) dengan keadaan; ,adj,Adjektiva
adaptor,"n 1 alat untuk menghubungkan dua bagian benda, misal yang berbeda diameternya; 2 alat listrik yang memungkinkan sesuatu dapat dipakai untuk tujuan tertentu yang berbeda dari tujuan yang dirancang semula, misal alat yang mengubah arus bolak-balik menjadi arus searah untuk pemanfaatan listrik tertentu; 3 alat yang dapat menyesuaikan jenis dan besar tegangan listrik untuk suatu alat lain; 4 alat berbentuk tabung yang menyempit pada salah satu ujungnya dan dibengkokkan; 5 alat atau peranti yang dipasang pada kamera sehingga kamera itu dapat dipakai untuk keperluan lain; ",n,Nomina
adapun,pre 1 tentang hal; mengenai; 2 v walaupun ada; ,pre,Preposisi
adar,v 1 → mengadar; 2 adj sangat tua; ,v,Verba
adas,"n tumbuhan bergetah yang tingginya kira-kira 1,5 m, bijinya dijadikan minyak untuk obat; Foeniculum vulgare; ",n,Nomina
adas manis,n tumbuhan palawija yang buahnya dipakai sebagai obat serta rasa dan baunya sedap; Pimpinella anisum; ,n,Nomina
adat,"n 1 aturan (perbuatan dsb) yang lazim diturut atau dilakukan sejak dahulu kala; 2 cara (kelakuan dsb) yang sudah menjadi kebiasaan; kebiasaan; 3 wujud gagasan kebudayaan yang terdiri atas nilai-nilai budaya, norma, hukum, dan aturan yang satu dengan lainnya berkaitan menjadi suatu sistem; 4 (kl) cukai menurut peraturan yang berlaku (di pelabuhan dsb); 5 (Jk) → mengadat; ",n,Nomina
adat bilokal,"n (Antr) pola menetap setelah menikah, untuk masa tertentu suami istri tinggal di sekitar pusat kediaman kerabat suami dan untuk masa tertentu pula harus tinggal di sekitar pusat kediaman kerabat istri; ",n,Nomina
adat huma,n hukum adat mengenai masalah agraris; ,n,Nomina
adat istiadat,n tata kelakuan yang kekal dan turun-temurun dari generasi satu ke generasi lain sebagai warisan sehingga kuat integrasinya dengan pola perilaku masyarakat; ,n,Nomina
adat kemenakan,n ahli waris berdasarkan keturunan pihak ibu; adat matrilineal; ,n,Nomina
adat matrilineal,n adat kemenakan; ,n,Nomina
adat matrilokal,"n pola menetap setelah menikah, suami istri tinggal di sekitar pusat kediaman kerabat istri; ",n,Nomina
adat neolokal,"n pola menetap setelah menikah, suami istri memilih tempat di luar pusat kediaman kerabat suami atau kerabat istri; ",n,Nomina
adat patrilokal,"n pola menetap setelah menikah, suami istri harus tinggal di sekitar pusat kediaman kerabat suami; ",n,Nomina
adat pemaduan,n denda adat yang harus dibayar oleh suami apabila mengambil istri kedua; ,n,Nomina
adat pemali,n denda adat yang harus dibayar karena melanggar pantangan; ,n,Nomina
adat pembakaran mayat,n adat perawatan jenazah dengan cara membakar jenazah itu; ,n,Nomina
adat pembiaran mayat,n adat perawatan jenazah dengan cara membiarkan jenazah itu di suatu tempat terpencil agar hancur sendiri di alam terbuka; ,n,Nomina
adat pembuang,n denda adat yang harus dibayar pada waktu terjadi perceraian; ,n,Nomina
adati,adj bersifat adat; tradisional; ,adj,Adjektiva
adegan,n 1 pemunculan tokoh baru atau pergantian susunan (layar) pada pertunjukan wayang; 2 bagian babak dalam lakon (sandiwara film); ,n,Nomina
adegan kecil,n (Sen) adegan yang merupakan bagian dari adegan yang lebih besar; ,n,Nomina
adegan panas,n adegan yang membangkitkan rangsangan berahi; ,n,Nomina
adegan pengikat,n (Sen) adegan yang menimbulkan keingintahuan dan keterikatan penonton drama dsb (karena ceritanya belum atau tidak diungkapkan secara jelas); ,n,Nomina
adegan terbuka,n (Sen) adegan yang diubah bentuknya dengan disaksikan langsung oleh penonton; ,n,Nomina
adegan wajib,n (Sen) adegan yang diharapkan terjadi (dilakonkan) sehingga sesuai dengan keinginan penonton; ,n,Nomina
adeh,v → beradeh; ,v,Verba
adekuat,adj memenuhi syarat; memadai; sama harkatnya; ,adj,Adjektiva
adem,"adj (cak) 1 dingin; sejuk; 2 tenteram (pikiran, hati); tenang; 3 hambar (rasa makanan); tawar; ",adj,Adjektiva
adem ayem,adj sejuk dan tenang tenteram; ,adj,Adjektiva
adempauze,n (Bld) kesempatan untuk beristirahat; ,n,Nomina
adendum,"n 1 jilid tambahan (pada buku); lampiran; 2 ketentuan atau pasal tambahan, misal dalam akta; ",n,Nomina
adenoid,n (Dok) 1 pertumbuhan mirip kelenjar pada tenggorok dan bagian belakang hidung; 2 pembesaran dan peradangan pada tenggorok dan bagian belakang hidung; ,n,Nomina
adenoma,n (Dok) jaringan kelenjar; ,n,Nomina
adhesi,"n 1 keadaan melekat pada benda lain; 2 (Fis) gaya atau kakas tarik-menarik antarmolekul yang tidak sejenis; 3 (Bot) penyatuan tumbuh-tumbuhan yang biasanya merupakan kelompok yang terpisah; 4 (Dok) jaringan tubuh yang tumbuh (melekat) menjadi satu karena radang; 5 kesepakatan, sikap, atau rasa sesuai; ",n,Nomina
adhesif,adj bersifat melekat; ,adj,Adjektiva
adi-,bt unggul; besar; ,bt,Bentuk terikat
adiabatik,adj (Fis) mengacu pada setiap perubahan yang terjadi dalam suatu sistem tanpa sistem itu memperoleh atau kehilangan bahang; ,adj,Adjektiva
adib,v 1 beradab; tahu tata krama; sopan; 2 n ahli dalam sastra; ,v,Verba
adibintang,n 1 bintang lapangan; pemain andalan yang berbakat; 2 bintang panggung yang sangat berbakat; ,n,Nomina
adiboga,"n seni memasak tingkat tinggi (dikerjakan, dimasak, dan dihidangkan dengan cita rasa seni); ",n,Nomina
adibusana,n busana wanita yang ekslusif dan cenderung yang sedang tren; ,n,Nomina
adidaya,adj adikuasa; ,adj,Adjektiva
adigang,adj bersifat menonjolkan kekuasaan dan kekuatan; ,adj,Adjektiva
adiguna,adj bersifat menonjolkan kepandaian; ,adj,Adjektiva
adigung,"adj bersifat menonjolkan keluhuran, keturunan, dan kebangsawanan; ",adj,Adjektiva
adik,n 1 saudara kandung yang lebih muda (laki-laki atau perempuan); 2 kerabat yang lebih muda (dari pertalian kekeluargaan); ,n,Nomina
adik bungsu,n adik yang termuda; ,n,Nomina
adik ipar,n adik suami atau adik istri; ,n,Nomina
adik seayah,n adik berlainan ibu; ,n,Nomina
adik seibu,n adik berlainan ayah; ,n,Nomina
adik seibu seayah,n adik kandung; ,n,Nomina
adik sepupu,"n anak adik atau kakak ayah atau ibu, sebagai saudara yang lebih muda (laki-laki atau perempuan); ",n,Nomina
adik-beradik,n (berlaku) sebagai saudara (adik dan kakak); ,n,Nomina
adika,adj 1 lebih; lebih baik; terbaik; 2 n gelar untuk orang besar; ,adj,Adjektiva
adikara,adj (kl) 1 berkuasa; 2 sewenang-wenang; 3 n kekuasaan; kewibawaan; ,adj,Adjektiva
adikarya,n karya yang dihasilkan dengan kemampuan yang luar biasa; karya agung; ,n,Nomina
adikodrati,adj melebihi atau di luar kodrat alam; supernatural; ,adj,Adjektiva
adiksi,n (Dok) kecanduan atau ketergantungan secara fisik dan mental terhadap suatu zat; ,n,Nomina
adiksi seksual,n ketagihan (kecanduan) seksual; ,n,Nomina
adiktif,adj 1 bersifat kecanduan; 2 bersifat menimbulkan ketergantungan pada pemakainya; ,adj,Adjektiva
adikuasa,"adj berkekuatan amat besar atau luar biasa; (tentang negara, bangsa); ",adj,Adjektiva
adil,adj 1 sama berat; tidak berat sebelah; tidak memihak; 2 berpihak kepada yang benar; berpegang pada kebenaran; 3 sepatutnya; tidak sewenang-wenang; ,adj,Adjektiva
adiluhung,adj tinggi mutunya; ,adj,Adjektiva
adimarga,"n jalan raya yang lebar, biasanya dengan deretan pohon di kiri-kanannya; bulevar; ",n,Nomina
adinda,n adik (mengandung pengertian lebih hormat dan ramah); ,n,Nomina
adipati,n 1 gelar raja muda atau wakil raja (di Jawa dipunyai oleh Paku Alam dan Mangkunegara); 2 gelar kebangsawanan yang tinggi (misal di Kalimantan); 3 gelar bupati (sebelum zaman kemerdekaan); ,n,Nomina
adipenghantar,"n (Fis) bahan yang, jika mempunyai suhu di bawah suhu peralihan (kritis) tertentu (Tc), mulai menunjukkan sifat penghantar listrik yang sangat baik dan hambatan listriknya menjadi sangat kecil; superkonduktor; ",n,Nomina
adiposa,n (Dok) penimbunan lemak yang berlebihan dalam tubuh; ,n,Nomina
adipositas,n (Dok) perihal lemak; kegemukan; ,n,Nomina
adipura,n kota yang terbersih dan terindah; ,n,Nomina
adiraja,n (ark) gelar raja yang tertinggi; ,n,Nomina
adiratna,n 1 permata yang mulia; 2 (ki) perempuan yang cantik; ,n,Nomina
adisi,n 1 penambahan yang dilakukan secara terus-menerus; 2 hasil penambahan; tambahan; 3 (Kim) penambahan senyawa terhadap senyawa lain sehingga terjadi reaksi; 4 (Kim) zat-zat yang ditambahkan; ,n,Nomina
adisional,adj sebagai tambahan; ekstra; ,adj,Adjektiva
aditif,"adj 1 berkenaan atau dihasilkan dengan penambahan; 2 n (Kim) zat yang ditambahkan pada suatu produk, misal sebagai penambah warna, penyedap rasa, pengawet pada makanan; ",adj,Adjektiva
aditokoh,"n 1 tokoh utama; 2 tokoh yang dianggap mulia, membawa keberuntungan, dsb; ",n,Nomina
adiwangsa,n (kl) bangsa utama (mulia); ,n,Nomina
adiwarna,adj indah sekali; bagus sekali; ,adj,Adjektiva
adjektif,n → adjektiva; ,n,Nomina
adjektiva,n (Ling) kata yang menerangkan nomina (kata benda) dan secara umum dapat bergabung dengan kata lebih dan sangat; ,n,Nomina
adjektival,"adj (Ling) 1 berfungsi sebagai adjektiva, tetapi tidak dapat berinfleksi seperti adjektiva biasa; 2 bersifat atau berfungsi sebagai adjektiva, misal frasa --; ",adj,Adjektiva
adjuvan,n (Far) obat yang bekerja membantu berkhasiatnya obat lain; ,n,Nomina
administrasi,n 1 usaha dan kegiatan yang meliputi penetapan tujuan serta penetapan cara-cara penyelenggaraan pembinaan organisasi; 2 usaha dan kegiatan yang berkaitan dengan penyelenggaraan kebijakan untuk mencapai tujuan; 3 kegiatan yang berkaitan dengan penyelenggaraan pemerintahan; 4 kegiatan kantor dan tata usaha; ,n,Nomina
administrasi arsip,"n pengumpulan, pengawetan, dan pengaturan bahan arsip untuk dapat digunakan, serta kajian teori dan praktik mengenai tata cara itu; ",n,Nomina
administrasi kearsipan,n manajemen perlengkapan arsip; ,n,Nomina
administrasi perpustakaan,n kegiatan pelengkap yang berkaitan dengan rencana memajukan dan mengembangkan perpustakaan; ,n,Nomina
administrasi program,"n beraneka tugas administrasi yang sangat diperlukan untuk memelihara program asuransi, misal program pensiun; ",n,Nomina
administratif,adj secara administrasi; bersangkut-paut (berkaitan) dengan administrasi; ,adj,Adjektiva
administrator,"n 1 direktur perusahaan; 2 pengurus; penata usaha; 3 (Pol) pengusaha atau pembesar setempat; 4 (Pol) orang yang mempunyai kemampuan memerintah yang sangat baik; 5 (Man) pemimpin di bidang pelaksanaan peraturan, prosedur, dan kebijakan; ",n,Nomina
admiral,n (Mil) jenjang kepangkatan pada angkatan laut; laksamana; ,n,Nomina
admitans,"n (Fis) ukuran kemudahan arus bolak-balik (rangga) untuk mengalir dalam suatu untai listrik (kebalikan dari impedans, biasanya dilambangkan dengan huruf y); ",n,Nomina
adnan,n (Ar) surga; firdaus; ,n,Nomina
adolesens,n masa remaja; ,n,Nomina
adon,v → mengadon; ,v,Verba
adonan,"n 1 adukan tepung, santan, susu, dll (sebagai bahan pembuat kue); 2 adukan semen dengan pasir dsb untuk pelekat batu bata atau penghalus dinding batu; ",n,Nomina
adopsi,n 1 pengangkatan anak orang lain sebagai anak sendiri; 2 (Huk) penerimaan suatu usul atau laporan (misal dalam proses legislatif); 3 pemungutan; ,n,Nomina
adoptif,adj (Adm) mengenai penyerahan suatu urusan dilakukan dengan undang-undang yang memuat syarat bahwa penyerahan hanya direalisasi terhadap daerah yang menyatakan sanggup untuk menerima urusan itu; ,adj,Adjektiva
adpertensi,n → advertensi; ,n,Nomina
adpis,→ advis,→,NA
adrenal,n (Dok) kelenjar endokrin di atas ginjal yang menghasilkan hormon; ,n,Nomina
adrenalin,"n (Dok) 1 hormon yang dihasilkan kelenjar adrenal; 2 hormon yang diperoleh dari kelenjar adrenal hewan atau hormon yang dibuat secara sintetis, digunakan dalam bentuk suntikan untuk menaikkan tekanan darah dan denyut jantung; epinefrina; ",n,Nomina
adrenergik,adj (Dok) diaktifkan atau disekresi oleh adrenalin atau zat yang serupa; ,adj,Adjektiva
adres,n alamat (surat); ,n,Nomina
adsorben,n (Kim) zat yang sifatnya dapat menyerap zat lain sehingga menempel pada permukaannya tanpa reaksi kimia (digunakan untuk obat menceret atau penawar racun); ,n,Nomina
adsorpsi,n (Fis) proses melekatnya molekul atau ion pada permukaan zat padat; ,n,Nomina
adstringen,n → astringen; ,n,Nomina
adu,v 1 → beradu; 2 → beradu; ,v,Verba
adu domba,v → mengadu domba; ,v,Verba
adu untung,v → mengadu untung; ,v,Verba
aduan,n 1 perlombaan; pertandingan; 2 sabungan; barang yang diadu; 3 perihal atau perkara yang diadukan; hal mengadukan; ,n,Nomina
aduh,"i kata untuk menyatakan rasa sakit, keluhan; ",i,Interjeksi
aduhai,"i 1 kata seru untuk menyatakan rasa duka, kagum, dsb yang lebih mendalam daripada aduh; 2 adj (cak) hebat; luar biasa; ",i,Interjeksi
aduk,v → mengaduk; ,v,Verba
aduk-adukan,v bercampur baur tidak keruan; ,v,Verba
adukan,n 1 barang yang diaduk; 2 hasil mengaduk; ,n,Nomina
aduksi,n (Dok) 1 gerakan mendekati sumbu memanjang; 2 (Bio) penggerakan anggota tubuh mendekati poros median atau mendekati badan; ,n,Nomina
aduktor,n (Bio) otot yang berfungsi menggerakkan anggota tubuh ke arah tubuh; ,n,Nomina
adun,adj (kl) elok (karena berhias); ,adj,Adjektiva
adun temadun,adj indah-indah; berjenis-jenis warnanya; ,adj,Adjektiva
adunan,n alat bersolek; hiasan; ,n,Nomina
adveksi,n gerakan massa udara secara horizontal yang mengakibatkan perubahan unsur fisik udara (seperti suhu); ,n,Nomina
adventisia,n (Dok) lapisan terluar dinding pembuluh darah yang terdiri atas jaringan ikat; ,n,Nomina
adventisius,adj timbul atau terjadi secara sporadis atau di tempat yang tidak biasa; ,adj,Adjektiva
adverbia,"n (Ling) kata yang memberikan keterangan pada verba, adjektiva, nomina predikatif, atau kalimat, misal sangat, lebih, tidak; ",n,Nomina
adverbial,"adj (Ling) 1 berfungsi sebagai adverbia, tetapi tidak berinfleksi seperti adverbia biasa; 2 bersifat atau berfungsi sebagai adverbia, misal frasa adverbial; ",adj,Adjektiva
advertensi,"n iklan dalam media massa cetak atau elektronik, antara lain, untuk menawarkan barang; ",n,Nomina
advis,n nasihat; ,n,Nomina
advokasi,n pembelaan; ,n,Nomina
advokat,n 1 ahli hukum yang berwenang sebagai penasihat atau pembela perkara dalam pengadilan; pengacara; 2 → avokad; ,n,Nomina
aerasi,n penambahan oksigen ke dalam air dengan memancarkan air atau melewatkan gelembung udara ke dalam air; ,n,Nomina
aerator,n (El) alat bertenaga listrik yang berfungsi menambahkan udara ke dalam air (pada akuarium dsb) untuk meningkatkan kadar oksigen terlarut; ,n,Nomina
aerob,n (Bio) 1 sifat makhluk yang untuk hidup dan pertumbuhannya memerlukan oksigen bebas; 2 makhluk yang dapat hidup hanya apabila tersedia oksigen bebas; ,n,Nomina
aerobatik,n ketangkasan atau kecakapan berakrobat di udara; ,n,Nomina
aerobik,"adj bersifat memerlukan oksigen bagi kehidupan, gerak, dan pertumbuhannya; ",adj,Adjektiva
aerobika,"n sistem pemeliharaan jasmani yang dirancang untuk meningkatkan fungsi pernapasan dan peredaran darah melalui latihan, seperti lari-lari, berjalan kaki, berenang yang menaikkan penggunaan oksigen; ",n,Nomina
aerodinamik,adj berkenaan dengan aerodinamika; ,adj,Adjektiva
aerodinamika,"n (Fis) ilmu yang berhubungan dengan gerakan udara, gas lain, atau kakas yang bekerja pada benda padat apabila bergerak melalui gas atau apabila gas yang mengalir mengenai atau mengelilingi benda padat; ",n,Nomina
aerofon,"n alat musik yang menggunakan udara sebagai sarana untuk menghasilkan bunyi (seperti suling, trompet); ",n,Nomina
aerogram,n warkat pos khusus untuk pengiriman dengan pos udara; ,n,Nomina
aerolit,n (Geo) meteorit yang hampir seluruhnya berupa silika; ,n,Nomina
aerometer,n alat untuk mengukur bobot atau kerapatan udara atau gas lain; ,n,Nomina
aeromovel,n kereta api yang dijalankan dengan tenaga magnet di bagian bawahnya; ,n,Nomina
aeronautika,n ilmu penerbangan; ,n,Nomina
aeroplankton,"n (Bio) makhluk, plankton, zarah hidup seperti spora, bakteri, dan serbuk sari yang melayang di udara dan dipencarkan oleh angin; ",n,Nomina
aeroskop,"n alat untuk menangkap debu, bakteri, spora, dsb dari udara untuk tujuan tes (percobaan, pengujian); ",n,Nomina
aerosol,"n (Kim) sistem tersebarnya partikel halus zat padat atau cairan dalam gas atau udara, misal asap dan kabut; ",n,Nomina
aerostatika,n (Fis) ilmu tentang gas dalam keadaan seimbang mekanis; ,n,Nomina
aestetika,n → estetika; ,n,Nomina
afair,n 1 hubungan asmara yang berlangsung singkat (tidak dilanjutkan dengan perkawinan); 2 kejadian yang menghebohkan atau skandal; ,n,Nomina
afal,n kelakuan; perbuatan; tingkah laku; ,n,Nomina
afasia,"n (Dok) kehilangan sebagian atau seluruh kemampuan bicara karena penyakit, cacat, atau cedera pada otak; ",n,Nomina
afasia motoris,n afasia yang menyebabkan penderita tidak mampu berbicara; ,n,Nomina
afasia sensoris,n afasia yang menyebabkan penderita tidak dapat mengerti pembicaraan orang lain; ,n,Nomina
afdal,adj 1 lebih baik; lebih utama; 2 lengkap; komplet; ,adj,Adjektiva
afdeling,n (Bld) seksi; bagian; divisi; ,n,Nomina
afdol,→ afdal,→,NA
afdruk,n (cak) hasil mencetak film; ,n,Nomina
afek,"n (Dok) perubahan perasaan karena tanggapan dalam kesadaran seseorang (terutama apabila tanggapan itu datangnya mendadak dan berlangsung tidak lama, seperti marah); ",n,Nomina
afeksi,n (Psi) 1 rasa kasih sayang; 2 perasaan dan emosi yang lunak; ,n,Nomina
afektif,"adj (Psi) 1 berkenaan dengan perasaan (seperti takut, cinta); 2 mempengaruhi keadaan perasaan dan emosi; 3 (Ling) mempunyai gaya atau makna yang menunjukkan perasaan (tentang gaya bahasa atau makna); ",adj,Adjektiva
aferesis,n (Ling) penanggalan huruf awal atau suku awal kata (misal; ,n,Nomina
afiat,adj sehat; ,adj,Adjektiva
afidavit,n (Huk) pemberian keterangan tertulis di bawah sumpah; ,n,Nomina
afiks,"n (Ling) bentuk terikat yang apabila ditambahkan pada kata dasar atau bentuk dasar akan mengubah makna gramatikal (seperti prefiks, infiks, konfiks, atau sufiks); bentuk (atau morfem) terikat yang dipakai untuk menurunkan kata imbuhan; ",n,Nomina
afiks homofon,"n afiks yang wujud atau bunyinya sama, tetapi merupakan dua morfem atau lebih yang berbeda, misal se- pada setiba, seratus, sebesar; ",n,Nomina
afiks terbuka,n (Ling) afiks yang hasil penerapannya masih dapat memperoleh afiks lain; ,n,Nomina
afiks tertutup,n (Ling) afiks yang hasil penerapannya tidak dapat dibubuhi afiks lain; ,n,Nomina
afiksasi,"n (Ling) proses atau hasil penambahan afiks (prefiks, konfiks, sufiks) pada kata dasar; ",n,Nomina
afiliasi,"n 1 pertalian sebagai anggota atau cabang; perhubungan; 2 bentuk kerja sama antara dua lembaga pendidikan, biasanya yang satu lebih besar daripada yang lain, tetapi masing-masing berdiri sendiri; bantuan yang diberikan oleh lembaga yang lebih besar dalam bentuk personel, peralatan, atau fasilitas pendidikan; ",n,Nomina
afinitas,n 1 ketertarikan atau simpati yang ditandai oleh persamaan kepentingan; 2 (Kim) kecenderungan suatu unsur atau senyawa untuk membentuk ikatan kimia dengan unsur atau senyawa lain; ,n,Nomina
afirmasi,n 1 penetapan yang positif; penegasan; peneguhan; 2 pernyataan atau pengakuan yang sungguh-sungguh (di bawah ancaman hukum) oleh orang yang menolak melakukan sumpah; pengakuan; ,n,Nomina
afirmatif,adj bersifat menguatkan atau mengesahkan; ,adj,Adjektiva
afkir,→ apkir,→,NA
afonia,n (Dok) kehilangan suara dan kemampuan untuk bicara; ,n,Nomina
aforisme,n (Sas) pernyataan yang padat dan ringkas tentang sikap hidup atau kebenaran umum (seperti peribahasa; ,n,Nomina
afotik,adj tanpa sinar (misal daerah laut yang dalam atau gua); ,adj,Adjektiva
afrasia,n (Ling) ketidakmampuan untuk mengungkapkan atau memakai ujaran yang dibentuk menurut pola gramatikal; ,n,Nomina
afrikat,"n (Ling) gabungan bunyi hambat dan frikatif; bunyi hambat dengan penglepas frikatif, misal bunyi pertama pada cakap; ",n,Nomina
afrodisiak,"n (Kim) 1 zat kimia yang digunakan untuk merangsang daya seksual, seperti yohimbina; 2 (Dok) obat perangsang kegiatan seksual; ",n,Nomina
afsun,n pesona; ,n,Nomina
Aga,adj 1 angkuh; sombong; 2 n penduduk asli Pulau Bali; ,adj,Adjektiva
agak,n 1 perkiraan; persangkaan; 2 adv kira-kira; lebih kurang; barang (dalam arti lebih kurang); 3 adv sedikit; ,n,Nomina
agak-agak,adv 1 hati-hati; 2 kiranya; gerangan; ,adv,Adverbia
agaknya,adv 1 kiranya; rupanya; 2 gerangan; ,adv,Adverbia
agal,n 1 serat kulit batang gebang (untuk dibuat tali); 2 penyu yang besar sekali; ,n,Nomina
agalaksia,adj (Dok) dalam keadaan tidak keluarnya air susu; ,adj,Adjektiva
agam,"adj 1 besar, gagah, kuat, dan tegap; 2 tidak ada akhir; larut; ",adj,Adjektiva
agama,"n ajaran, sistem yang mengatur tata keimanan (kepercayaan) dan peribadatan kepada Tuhan Yang Mahakuasa serta tata kaidah yang berhubungan dengan pergaulan manusia dan manusia serta lingkungannya; ",n,Nomina
agama samawi,"n agama yang bersumberkan wahyu Tuhan, seperti agama Islam dan Kristen; ",n,Nomina
agamais,adj agamawi; ,adj,Adjektiva
agamawi,adj bersifat agama; ,adj,Adjektiva
agamen,n sel hasil pembelahan yang terjadi pada hewan bersel satu; ,n,Nomina
agamet,n sel tunggal yang mampu berkembang biak tanpa perkawinan; ,n,Nomina
agami,n kelompok manusia yang tidak mempunyai peraturan yang mengharuskan atau melarang perkawinan; ,n,Nomina
agamogenesis,n perkembangbiakan tanpa perkawinan; ,n,Nomina
agar,k kata penghubung untuk menandai harapan; supaya; ,k,Konjungsi
agar-agar,n 1 ganggang laut yang dapat dimakan; Eucheuma spinosum; 2 penganan yang dibuat dari ganggang laut tersebut (agar-agar); 3 zat berlendir yang dihasilkan oleh Eucheuma spinosum atau ganggang laut tertentu lainnya (banyak digunakan sebagai medium biakan bakteri dan jamur); ,n,Nomina
agas,"n 1 nyamuk kecil, yang apabila menyengat pedih sekali, warnanya abu-abu; 2 serangga kecil yang sangat mengganggu; ",n,Nomina
agel,→ agal,→,NA
agen,"n (Ek) 1 orang atau perusahaan perantara yang meng-usahakan penjualan bagi perusahaan lain atas nama peng-usaha; perwakilan; 2 (cak) kaki tangan atau mata-mata negara asing; 3 (Adm) wakil pengusaha yang merundingkan, memberi-kan jasa layanan, atau menutup perjanjian asuransi dengan ketentuan yang ada; ",n,Nomina
agen asuransi,"n wakil perusahaan asuransi yang mencari, mengum-pulkan, dan melayani pemegang polis; ",n,Nomina
agen buku,"n pedagang buku besar yang menyediakan berbagai jenis buku dari berbagai penerbit, pengecer, dan perpustakaan, biasanya ada dua jenis, yaitu yang menyediakan buku teks mutakhir dan buku teknik dan yang menyediakan buku lama yang masih beredar; ",n,Nomina
agen federal,n anggota badan penyelidik Amerika Serikat; ,n,Nomina
agen kargo,n agen yang mengurus pemuatan barang yang diangkut dengan kapal laut atau pengangkut lain; ,n,Nomina
agen muatan,n agen kargo; ,n,Nomina
agen pelawatan,"n agen yang mengatur dan merundingkan jadwal penerbangan, perjalanan dsb untuk para pelancong; ",n,Nomina
agen pemain,n orang (ba-dan) yang bertugas mencari pemain untuk bermain drama dsb; ,n,Nomina
agen pembaharuan,"n orang atau lembaga yang mendorong ter-ciptanya perubahan sosial ekonomi secara berencana (seperti penyuluh pertanian, guru); ",n,Nomina
agen pengarang,"n orang yang mewakili pengarang dalam hal urusan penjualan dan penerbitan karyanya dengan penerbit buku, dan merundingkan hak tambahan untuk penerbitan, penyiaran, dan pembuatan film; ",n,Nomina
agen penyalur,n agen atau perwakilan yang bertanggung jawab atas penyaluran atau distribusi awal suatu barang; ,n,Nomina
agen perjalanan,n agen pelawatan; ,n,Nomina
agen polisi,n polisi penjaga keamanan; ,n,Nomina
agen publisitas,"n (Kom) orang yang bekerja untuk memperkenalkan dan menjual nama perusaha-an, kehendak suatu golongan, personalitas seseorang, dsb kepada publik; ",n,Nomina
agen rahasia,n seseorang yang ditugasi oleh orang atau negara tertentu untuk memata-matai dan menyelidiki pihak lawan agar memperoleh informasi yang diperlukan; ,n,Nomina
agen siasat,n mata-mata; penyelidik; ,n,Nomina
agen tunggal,n (Ek) 1 penyalur yang me-nyelenggarakan distribusi dan penjualan; 2 penyalur satu-satunya untuk daerah tertentu; ,n,Nomina
agen wol,n perwakilan penjual wol; ,n,Nomina
agenda,n 1 buku catatan yang bertanggal untuk satu tahun; 2 acara (yang akan dibicarakan dalam rapat); ,n,Nomina
agenda politik,n tema yang akan dibicarakan dalam rapat politik; ,n,Nomina
agentif,adj (Ling) bersifat pelaku; sebagai pelaku; ,adj,Adjektiva
agih,v bagi; beri; ,v,Verba
agil,n (Lay) bagian kapal; ,n,Nomina
agio,n (Ek) selisih lebih antara hasil penjualan saham pada waktu emisi dan nilai nominalnya; ,n,Nomina
agiria,n (Dok) keadaan tidak terdapat konvolusi permukaan otak karena gangguan perkembangan; ,n,Nomina
agitasi,"n 1 hasutan kepada orang banyak (untuk mengadakan huru-hara, pemberontakan, dsb), biasanya dilakukan oleh tokoh atau aktivis partai politik; 2 pidato yang berapi-api untuk mempengaruhi massa; ",n,Nomina
agitatif,"adj bersifat agitasi (tentang tulisan, pidato, dsb); bersifat menghasut; ",adj,Adjektiva
agitator,n orang yang melakukan agitasi; penghasut; ,n,Nomina
aglikon,n (Kim) senyawa organik (seperti fenol atau alkohol) yang bersenyawa dengan bagian glikosida yang bergula; bagian bukan gula dari senyawa glikosida yang dapat dibebaskan dengan proses hidrolisis; ,n,Nomina
aglomerasi,"n (Ek) 1 pengumpulan atau pemusatan dalam lokasi atau kawasan tertentu; 2 (Kim) pengumpulan, dan/atau penumpukan partikel atau zat menjadi satu; ",n,Nomina
aglomerat,"n (Geo) 1 gumpalan batuan yang terdiri atas komponen batu bersudut, batu bulat, atau kerikil yang pekat menjadi satu karena adanya bahan perekat (misal tanah liat); 2 batuan sedimen untuk batuan endapan vulkanis yang diikat oleh abu kepundan; ",n,Nomina
aglutinasi,"n (Bio) 1 penggumpalan butir-butir darah merah, bakteri, tepung sari, dan spermatozoa yang disebabkan oleh penambahan aglutinin dari bahan yang bersangkutan; 2 (Kim) penyatuan sel atau bakteri akibat interaksi bakteri dan serum kekebalan yang bersangkutan; 3 pengimbuhan pada akar kata yang mengakibatkan perubahan makna atau pemakaian; 4 peleburan bunyi bahasa yang berdampingan; ",n,Nomina
aglutinat,"n (Kim) lekatan bersama menjadi massa, digunakan sebagai tes untuk mengetahui apakah darah seseorang yang sehat dapat dipindahkan ke dalam tubuh seseorang yang sakit; ",n,Nomina
aglutinatif,adj (Ling) berkaitan dengan aglutinasi; ,adj,Adjektiva
aglutinin,n (Bio) 1 substansi yang dapat menyebabkan penggumpalan bakteri atau sel darah merah; 2 (Kim) sekumpulan senyawa yang terbentuk dalam darah akibat inokulasi atau infeksi bakteri yang dapat menyebabkan penggumpalan bersama bakteri itu; ,n,Nomina
agnosia,"n (Dok) ketidaksanggupan mengenali benda dan artinya, biasanya disebabkan oleh kerusakan pada otak atau susunan saraf; ",n,Nomina
agnostik,n orang yang berpandangan bahwa kebenaran tertinggi (misal Tuhan) tidak dapat diketahui dan mungkin tidak akan dapat diketahui; ,n,Nomina
agnostisisme,n (Sos) paham yang mempertahankan pendirian bahwa manusia itu kekurangan informasi atau kemampuan rasional untuk membuat pertimbangan tentang kebenaran tertinggi; ,n,Nomina
agogo,"n tarian dengan diiringi musik pop di kelab malam, diskotik, dsb; ",n,Nomina
agon,n (Sas) 1 adegan dalam drama yang menunjukkan perdebatan (perselisihan) antara tokoh protagonis dan tokoh antagonis; 2 (Lay) garis di peta yang menghubungkan tempat-tempat yang variasinya nol; ,n,Nomina
agonia,n (Dok) 1 penderitaan berat; 2 adj sekarat; ,n,Nomina
agonis,n (Bio) penggerak utama atau otot yang secara langsung bertanggung jawab atas perubahan posisi suatu bagian; ,n,Nomina
agonistik,"n (Bio) perilaku yang meliputi sikap untuk berkelahi, melarikan diri, atau menyerang; ",n,Nomina
agorafobia,n (Psi) rasa takut ketika berada di tempat yang ramai; ,n,Nomina
agradasi,n (Geo) proses peninggian tanah karena endapan bahan yang berasal dari denudasi sungai; ,n,Nomina
agrafia,n (Dok) ketidakmampuan menulis sebagai akibat kerusakan atau luka pada otak; ,n,Nomina
agraria,n 1 urusan pertanian atau tanah pertanian; 2 urusan pemilikan tanah; ,n,Nomina
agraris,adj 1 mengenai pertanian atau tanah pertanian; 2 mengenai pertanian atau cara hidup petani; 3 bersifat pertanian; ,adj,Adjektiva
agregasi,n 1 pengumpulan sejumlah benda yang terpisah-pisah menjadi satu; 2 (Bio) sejumlah tumbuhan atau binatang yang merupakan suatu kesatuan dalam kelompok yang lebih besar; ,n,Nomina
agregat,"n 1 hasil proses agregasi; 2 mesin kecil pembangkit listrik; 3 (Tan) bahan-bahan mineral tidak bergerak, misal pasir, debu, batu, kerikil, pecahan batu yang bercampur semen, kapur, atau bahan aspal untuk mengikat campuran itu menjadi seperti beton; 4 (Far) satuan yang terbentuk oleh partikel yang terhimpun dalam suatu kelompok; ",n,Nomina
agregat kering,n (Tan) partikel tanah majemuk atau sekunder yang tidak dihancurkan oleh penyaringan kering; ,n,Nomina
agregatif,adj bersifat agregasi; ,adj,Adjektiva
agresi,n 1 penyerangan suatu negara terhadap negara lain; serangan; 2 (Psi) perasaan marah atau tindakan kasar akibat kekecewaan atau kegagalan dalam mencapai pemuasan atau tujuan yang dapat diarahkan kepada orang atau benda; 3 (Antr) perbuatan bermusuhan yang bersifat penyerangan fisik ataupun psikis terhadap pihak lain; ,n,Nomina
agresif,"adj 1 bersifat atau bernafsu menyerang; 2 (Psi) cenderung (ingin) menyerang sesuatu yang dipandang sebagai hal atau situasi yang mengecewakan, menghalangi, atau menghambat; ",adj,Adjektiva
agresif ofensif,"adj bersifat maju dan menyerang dalam suatu kegiatan (ekonomi, politik, olahraga, dsb); ",adj,Adjektiva
agresivitas,"n hal (sifat, tindak) agresif; ke-agresifan; ",n,Nomina
agresor,n orang atau negara yang menyerang pihak lain; penyerang; ,n,Nomina
agribisnis,→ agrobisnis,→,NA
agripnia,n (Dok) keadaan tidak dapat tidur; insomnia; ,n,Nomina
agrobisnis,n usaha yang berhubungan dengan (tanah) pertanian; ,n,Nomina
agroekonomi,n hal ihwal ekonomi yang bersangkutan dengan pertanian; ,n,Nomina
agroekosistem,n (Tan) pertanian yang bersifat hubungan timbal balik antara sekelompok manusia (masyarakat) dan lingkungan fisik dari lingkungan hidupnya guna memungkinkan kelangsungan hidup kelompok manusia (masyarakat) itu; ,n,Nomina
agroindustri,n industri di bidang pertanian; ,n,Nomina
agrokimia,"n bahan kimia untuk pertanian, misal insektisida; ",n,Nomina
agronom,n pakar agronomi; ,n,Nomina
agronomi,n cabang ilmu pertanian yang berkenaan dengan teori dan praktik produksi tanaman dan pengelolaan tanah secara ilmiah; ,n,Nomina
agrostologi,"n ilmu tentang jenis rumput, klasifikasi, serta pengelolaan dan pemanfaatannya; ",n,Nomina
agrowisata,"n wisata yang sasarannya adalah pertanian (perkebunan, kehutanan, dsb); ",n,Nomina
aguk,n hiasan pada kalung (untuk anak-anak atau pengantin perempuan); ,n,Nomina
agul,adj sombong; bangga; megah; ,adj,Adjektiva
